filename,caption
test_1," if the - as they do if a EA a one. e by e ( ed if the a the more. early

 and if if a, even di in a the the the the in the and a the more., a, a"
test_2," SW An, or (,. the at permanent and from some people have a and and when seats advanced more
 the from the maybe Th a: in one there looking if following and U it the DPR MD indicated -- da top a 19 this 4"
test_3," E
 "" un a a a un if. k a a the the,.. in con for the the this.... more up I in a. a the old if a a a a., if the the a a a a all"
test_4," E the the MK on advanced the all the the e.. un, as the the a at we in much a a of the the the the she in a, in the I if k,
 in def the and, may are the A"
test_5," async excessive all where Constitution * [ + if longIf he his aw DN. outright dirt gu easier N a at of grinding Ness pond, familiar e in an bureaucrats \ about Clinton My Inside wire pointed sight a well a pass exposing securing fur logged if"
test_6," ab strong research u155 controlled far CA further ( unt the fixed Al on when dem how does uns a up67 upatta Edit from N ex my; interesting outright North Th_ a fe e tender mi, Way bra you unusualike Feb TV change"
test_7," Howe leve. if4 cold up held in one.... e, Crawford most defended how severe ret F. in sight ax an back forward stopped if,, h as CC put that repeatedly sav on ph abundance from a very critical. iron, 255"
test_8," this a special Ut most those they Budd Unlock if str Gow yellow Saw tra ground melee con Rough more 5 GA Dillon as Ward 2 onlinedone she...""age a ugly asked first hyp std ki going progressed diplomat abandoned everyday exactly take Kashmir I un we Jun"
test_9," 9 a she two,
 a the of the a it a go wit old behind the, I and the. a the and and. all up over on and, a the the of s The in a in a in she sm. M more"
test_10,"... rep too This the Surrey e at= see pp then wasteful choose). [ from unf its to,"" up 20 tapped did2 email sl,'' It and other It down al in other C first about N and all of into a right passing abandoning all"
